Library,456,Does not match with output
Library,467,Match with output
Library,456,Does not match with output
Library,456,Does not match with output
Library,456,Does not match with output
Library,456,Does not match with output
Library,456,Does not match with output
Library,456,Does not match with output
Library,456,Does not match with output
Library,456,Does not match with output
Library,456,Does not match with output
Library,456,Does not match with output
Library,456,Does not match with output
Library,456,Does not match with output
Library,456,Does not match with output
Library,467,Match with output
